scrape_date,id,name,type,update_date,creation_date,creator,permalink,category,description
2023-11-13 04:44:52.099063-05:00,8b9a-pywy,Enrollment Capacity And Utilization Reports - Target by Organization,dataset,2023-01-05 18:57:26+00:00,2015-05-11 20:54:25+00:00,NYC OpenData,https://data.cityofnewyork.us/d/8b9a-pywy,Education,"Enrollment, target capacity and utilization data for every building and schools in those buildings, by school"
2023-11-13 04:44:52.099063-05:00,t7xz-mxnb,NYPD Historic Criminal Summons - Summary Dashboard,datalens,2023-04-27 13:46:24+00:00,2020-06-30 16:35:42+00:00,NYC OpenData,https://data.cityofnewyork.us/view/t7xz-mxnb,Public Safety,"<div>The following visualizations summarize every criminal summons issued in NYC by the NYPD going back to 2006 through the end of last year.&nbsp; This data is updated annually to include the most recent year. Each record represents a criminal summons issued in NYC by the NYPD and includes information about the type of infraction, the location and time of enforcement. In addition, information related to suspect demographics is also included. This data can be used by the public to explore the nature of police enforcement activity.<br></div>"
2023-11-13 04:44:52.099063-05:00,is7e-8exf,NYPD Historic Arrests - Summary Dashboard,datalens,2023-04-27 14:13:13+00:00,2020-06-29 12:33:36+00:00,NYC OpenData,https://data.cityofnewyork.us/view/is7e-8exf,Public Safety,"<div>The following visualizations summarize every arrest effected in NYC by the NYPD going back to 2006 through the end of last year.&nbsp; This data is updated annually to include the most recent year. Each record represents an arrest effected in NYC by the NYPD and includes information about the type of crime, the location and time of enforcement. In addition, information related to suspect demographics is also included. This data can be used by the public to explore the nature of police enforcement activity.<br></div>"
2023-11-13 04:44:52.099063-05:00,tesz-9suw,Capacity Project Site Location,dataset,2023-05-03 14:28:59+00:00,2016-05-31 21:48:29+00:00,NYC OpenData,https://data.cityofnewyork.us/d/tesz-9suw,Education,New or replacement capacity sites.
2023-11-13 04:44:52.099063-05:00,bxpq-t33g,2015 For Hire Vehicle Trip Data,datalens,2023-04-18 18:07:17+00:00,2016-12-07 02:28:32+00:00,NYC OpenData,https://data.cityofnewyork.us/view/bxpq-t33g,Transportation,"<div>The For-Hire Vehicle (“FHV”) trip records include fields capturing the dispatching base license number and the pick-up date, time, and taxi zone location ID (shape file below). These records are generated from the FHV Trip Record submissions made by bases. Note: The TLC publishes base trip record data as submitted by the bases, and we cannot guarantee or confirm their accuracy or completeness. Therefore, this may not represent the total amount of trips dispatched by all TLC-licensed bases. The TLC performs routine reviews of the records and takes enforcement actions when necessary to ensure, to the extent possible, complete and accurate information.For trip record data including TLC taxi zone location IDs, location names and corresponding boroughs for each ID can be found &lt;a href=""https://s3.amazonaws.com/nyc-tlc/misc/taxi+_zone_lookup.csv""&gt;here&lt;/a&gt;. A shapefile containing the boundaries for the taxi zones can be found &lt;a href=""https://s3.amazonaws.com/nyc-tlc/misc/taxi_zones.zip""&gt;here&lt;/a&gt;.<br></div><div><br></div><div>Data Dictionary for this dataset can be found here:&nbsp;<a href=""http://www.nyc.gov/html/tlc/downloads/pdf/data_dictionary_trip_records_fhv.pdf"">http://www.nyc.gov/html/tlc/downloads/pdf/data_dictionary_trip_records_fhv.pdf</a><br></div>"
2023-11-13 04:44:52.099063-05:00,rbfe-xwgv,Curbside Composting Sign-Up Program - Summary of Service and Demand,dataset,2023-02-16 16:45:36+00:00,2022-02-23 21:56:40+00:00,NYC OpenData,https://data.cityofnewyork.us/d/rbfe-xwgv,Environment,"Metrics on the status of Curbside Composting sign-up program. Note that Curbside Composting service is currently available to all Queens residents (no sign-up needed), as well as select community boards in Bronx, Brooklyn, and Manhattan. Curbside Composting is expanding to ALL NYC residents. For more information, visit: <a href=""https://nyc.gov/curbsidecomposting"" target=""_blank"" rel=""noopener noreferrer"">https://nyc.gov/curbsidecomposting</a>."
2023-11-13 04:44:52.099063-05:00,n3et-mfjw,Beacon Programs Map,map,2022-05-09 22:26:58+00:00,2013-04-05 18:46:22+00:00,NYC OpenData,https://data.cityofnewyork.us/d/n3et-mfjw,Social Services,"Facilities in New York City, by agency and site, that offer Beacon programs"
2023-11-13 04:44:52.099063-05:00,pf3n-zn2m,DYCD-funded Program Sites - Geocoded Data,dataset,2022-05-09 22:26:58+00:00,2019-06-27 18:40:09+00:00,NYC OpenData,https://data.cityofnewyork.us/d/pf3n-zn2m,Social Services,This dataset provides a breakdown of the geocoded location of all of DYCD-funded Program Sites. This data is being made available to the general public in the form of map with ‘dots’ to represent each geocoded site.
2023-11-13 04:44:52.099063-05:00,kku6-nxdu,Demographic Statistics By Zip Code,dataset,2022-05-09 22:26:59+00:00,2011-07-27 14:05:54+00:00,NYC OpenData,https://data.cityofnewyork.us/d/kku6-nxdu,City Government,Demographic statistics broken down by zip code
2023-11-13 04:44:52.099063-05:00,ty8z-v9d2,DYCD Literacy Programs Map,map,2022-05-09 22:26:59+00:00,2013-04-05 19:33:42+00:00,NYC OpenData,https://data.cityofnewyork.us/d/ty8z-v9d2,Education,"Facilities in New York City, by agency and site, that offer literacy programs."
2023-11-13 04:44:52.099063-05:00,2n64-63dq,DYCD OSY (Out-of-School Youth),map,2022-05-09 22:26:59+00:00,2013-04-05 19:44:33+00:00,NYC OpenData,https://data.cityofnewyork.us/d/2n64-63dq,Social Services,"Facilities in New York City, by agency and site, that offer Out-of-School Youth programs."
2023-11-13 04:44:52.099063-05:00,s2d8-h5fg,DYCD YAIP (Young Adult Internship Programs),map,2022-05-09 22:27:00+00:00,2013-04-05 19:49:38+00:00,NYC OpenData,https://data.cityofnewyork.us/d/s2d8-h5fg,Social Services,"Young Adult Internship Programs (YAIP). Facilities in New York City, by agency and site, that offer YAIP programs."
2023-11-13 04:44:52.099063-05:00,h682-ywyg,DYCD RHY (Runaway and Homeless Youth) Services,map,2022-05-09 22:27:00+00:00,2013-04-05 19:46:12+00:00,NYC OpenData,https://data.cityofnewyork.us/d/h682-ywyg,Social Services,"Facilities in New York City, by agency and site, that offer Runaway and Homeless Youth Services"
2023-11-13 04:44:52.099063-05:00,yqz9-aduk,Summer Youth Employment Programs (SYEP) Map,map,2022-05-09 22:27:00+00:00,2013-04-05 19:48:05+00:00,NYC OpenData,https://data.cityofnewyork.us/d/yqz9-aduk,Social Services,"Facilities in New York City, by agency and site, that offer SYEP programs."
2023-11-13 04:44:52.099063-05:00,wf9c-gupx,NYC Covered Building's List (2011),dataset,2022-05-09 22:27:26+00:00,2019-11-25 21:45:03+00:00,NYC OpenData,https://data.cityofnewyork.us/d/wf9c-gupx,Environment,The covered building list identifies properties required to comply with Local Law 84: Benchmarking.
2023-11-13 04:44:52.099063-05:00,2vr2-vcvz,NYC Covered Building's List (2010),dataset,2022-05-09 22:27:26+00:00,2019-11-25 21:26:04+00:00,NYC OpenData,https://data.cityofnewyork.us/d/2vr2-vcvz,Environment,The covered building list identifies properties required to comply with Local Law 84: Benchmarking.
2023-11-13 04:44:52.099063-05:00,63bz-5n3b,NYC Covered Building's List (2012),dataset,2022-05-09 22:27:26+00:00,2019-11-25 22:08:15+00:00,NYC OpenData,https://data.cityofnewyork.us/d/63bz-5n3b,Environment,The covered building list identifies properties required to comply with Local Law 84: Benchmarking.
2023-11-13 04:44:52.099063-05:00,wg5a-mubp,NYC Covered Building's List (2013),dataset,2022-05-09 22:27:27+00:00,2019-11-26 15:26:34+00:00,NYC OpenData,https://data.cityofnewyork.us/d/wg5a-mubp,Environment,The covered building list identifies properties required to comply with Local Law 84: Benchmarking.
2023-11-13 04:44:52.099063-05:00,c4p6-rvjs,NYC Covered Building's List (2014),dataset,2022-05-09 22:27:27+00:00,2019-11-26 15:46:59+00:00,NYC OpenData,https://data.cityofnewyork.us/d/c4p6-rvjs,Environment,The covered building list identifies properties required to comply with Local Law 84: Benchmarking.
2023-11-13 04:44:52.099063-05:00,4hbx-ab3c,NYC Covered Building's List (2015),dataset,2022-05-09 22:27:27+00:00,2019-11-26 20:58:40+00:00,NYC OpenData,https://data.cityofnewyork.us/d/4hbx-ab3c,Environment,The covered building list identifies properties required to comply with Local Law 84: Benchmarking.
2023-11-13 04:44:52.099063-05:00,pu45-qynj,NYC Covered Building's List (2016),dataset,2022-05-09 22:27:28+00:00,2019-11-27 15:13:30+00:00,NYC OpenData,https://data.cityofnewyork.us/d/pu45-qynj,Environment,The covered building list identifies properties required to comply with Local Law 84: Benchmarking.
2023-11-13 04:44:52.099063-05:00,6pv9-jmn5,NYC Covered Building's List (2018),dataset,2022-05-09 22:27:28+00:00,2019-11-29 18:51:37+00:00,NYC OpenData,https://data.cityofnewyork.us/d/6pv9-jmn5,Environment,The covered building list identifies properties required to comply with Local Law 84: Benchmarking.
2023-11-13 04:44:52.099063-05:00,xirx-msjc,NYC Covered Building's List (2017),dataset,2022-05-09 22:27:28+00:00,2019-11-29 17:54:04+00:00,NYC OpenData,https://data.cityofnewyork.us/d/xirx-msjc,Environment,The covered building list identifies properties required to comply with Local Law 84: Benchmarking.
2023-11-13 04:44:52.099063-05:00,tphr-wtjd,NYC Covered Building's List (2019),dataset,2022-05-09 22:27:28+00:00,2019-11-29 19:04:47+00:00,NYC OpenData,https://data.cityofnewyork.us/d/tphr-wtjd,Environment,The covered building list identifies properties required to comply with Local Law 84: Benchmarking.
2023-11-13 04:44:52.099063-05:00,eukp-v77b,NYC Covered Building's List (2020),dataset,2022-05-09 22:27:29+00:00,2020-08-17 00:17:53+00:00,NYC OpenData,https://data.cityofnewyork.us/d/eukp-v77b,Environment,The covered building list identifies properties required to comply with Local Law 84: Benchmarking.
2023-11-13 04:44:52.099063-05:00,vuae-w6cg,FY2014 PMMR Agency Performance Indicators,dataset,2022-05-09 22:27:31+00:00,2014-02-20 18:40:59+00:00,NYC OpenData,https://data.cityofnewyork.us/d/vuae-w6cg,City Government,
2023-11-13 04:44:52.099063-05:00,ruce-cnp6,FY2015 PMMR Agency Performance Indicators,dataset,2022-05-09 22:27:32+00:00,2015-02-25 03:18:50+00:00,NYC OpenData,https://data.cityofnewyork.us/d/ruce-cnp6,City Government,
2023-11-13 04:44:52.099063-05:00,7gmq-dbas,1995 Street Tree Census,datalens,2022-05-09 22:26:30+00:00,2015-08-27 19:56:35+00:00,NYC OpenData,https://data.cityofnewyork.us/view/7gmq-dbas,Environment,"Citywide street tree data from the 1995 Street Tree Census, conducted by volunteers organized by NYC Parks & Recreation. Trees were inventoried by address, and were collected from 1995-1996. Data collected includes tree species, diameter, condition."
2023-11-13 04:44:52.099063-05:00,uu62-ifvu,Parking Violations Issued - Fiscal Year 2016,datalens,2022-05-09 22:25:42+00:00,2015-04-27 17:56:01+00:00,NYC OpenData,https://data.cityofnewyork.us/view/uu62-ifvu,City Government,Parking Violations Issued - Fiscal Year 2016 Past violations can be found in the archived dataset. https://data.cityofnewyork.us/City-Government/Parking-Violations-Issued-Fiscal-Year-2014-August-/jt7v-77mi
2023-11-13 04:44:52.099063-05:00,i9rv-hdr5,Map of NYCHA Developments,map,2022-07-01 15:53:14+00:00,2013-03-29 13:43:46+00:00,NYC OpenData,https://data.cityofnewyork.us/d/i9rv-hdr5,Housing & Development,Locations of the public housing developments of the New York City Housing Authority as of June 2022
2023-11-13 04:44:52.099063-05:00,k9j2-dgak,Housing Database by PUMA,dataset,2022-07-26 15:06:42+00:00,2021-01-23 03:43:29+00:00,NYC OpenData,https://data.cityofnewyork.us/d/k9j2-dgak,Housing & Development,"Net change in housing units arising from new buildings, demolitions, or alterations for NYC PUMAs since 2010. The NYC Department of City Planning’s (DCP) <a href=""https://www1.nyc.gov/site/planning/data-maps/open-data/dwn-housing-database.page#housingdevelopmentproject"">Housing Database</a> provide the 2010 census count of housing units, the net change in Class A housing units since the census, and the count of units pending completion for commonly used political and statistical boundaries. These tables are aggregated from the DCP Housing Database, which is derived from Department of Buildings (DOB)-approved housing construction and demolition jobs filed or completed in NYC since January 1, 2010. Net housing unit change is calculated as the sum of all three construction job types that add or remove residential units: new buildings, major alterations, and demolitions, and can be used to determine the change in legal housing units across time and space. All previously released versions of this data are available at a <a href=""https://www1.nyc.gov/site/planning/data-maps/open-data/bytes-archive.page?sorts[year]=0"">BYTES of the BIG APPLE- Archive</a>"
2023-11-13 04:44:52.099063-05:00,a5ez-s27s,Housing Database by PUMA (Map),map,2022-07-26 15:07:43+00:00,2021-01-23 03:43:33+00:00,NYC OpenData,https://data.cityofnewyork.us/d/a5ez-s27s,Housing & Development,"Net change in housing units arising from new buildings, demolitions, or alterations for NYC PUMAs since 2010. The NYC Department of City Planning’s (DCP) <a href=""https://www1.nyc.gov/site/planning/data-maps/open-data/dwn-housing-database.page#housingdevelopmentproject"">Housing Database</a> provide the 2010 census count of housing units, the net change in Class A housing units since the census, and the count of units pending completion for commonly used political and statistical boundaries. These tables are aggregated from the DCP Housing Database, which is derived from Department of Buildings (DOB)-approved housing construction and demolition jobs filed or completed in NYC since January 1, 2010. Net housing unit change is calculated as the sum of all three construction job types that add or remove residential units: new buildings, major alterations, and demolitions, and can be used to determine the change in legal housing units across time and space. All previously released versions of this data are available at a <a href=""https://www1.nyc.gov/site/planning/data-maps/open-data/bytes-archive.page?sorts[year]=0"">BYTES of the BIG APPLE- Archive</a>"
2023-11-13 04:44:52.099063-05:00,6phq-6kwz,2009 Yellow Taxi Trip Data,datalens,2022-05-09 22:28:04+00:00,2016-01-07 18:20:21+00:00,NYC OpenData,https://data.cityofnewyork.us/view/6phq-6kwz,Transportation,"<div>Filter cards by selecting date ranges on date/time cards, typing freeform text into search cards, or clicking the columns in the column card. This dataset includes trip records from all trips completed in yellow taxis in NYC in 2009. Records include fields capturing pick-up and drop-off dates/times, pick-up and drop-off locations, trip distances, itemized fares, rate types, payment types, and driver-reported passenger counts. The data used in the attached datasets were collected and provided to the NYC Taxi and Limousine Commission (TLC) by technology providers authorized under the Taxicab Passenger Enhancement Program (TPEP). The trip data was not created by the TLC, and TLC makes no representations as to the accuracy of these data.<br></div><div>Data Dictionary for this dataset can be found here:&nbsp;<br></div><div><a href=""http://www.nyc.gov/html/tlc/downloads/pdf/data_dictionary_trip_records_yellow.pdf"">http://www.nyc.gov/html/tlc/downloads/pdf/data_dictionary_trip_records_yellow.pdf</a><br></div>"
2023-11-13 04:44:52.099063-05:00,jr6k-xwua,2011 Yellow Taxi Trip Data,datalens,2022-05-09 22:28:04+00:00,2016-01-07 13:56:58+00:00,NYC OpenData,https://data.cityofnewyork.us/view/jr6k-xwua,Transportation,"<div>Filter cards by selecting date ranges on date/time cards, typing freeform text into search cards, or clicking the columns in the column card. This dataset includes trip records from all trips completed in yellow taxis in NYC in 2011. Records include fields capturing pick-up and drop-off dates/times, pick-up and drop-off locations, trip distances, itemized fares, rate types, payment types, and driver-reported passenger counts. The data used in the attached datasets were collected and provided to the NYC Taxi and Limousine Commission (TLC) by technology providers authorized under the Taxicab Passenger Enhancement Program (TPEP). The trip data was not created by the TLC, and TLC makes no representations as to the accuracy of these data.<br></div><div>Data Dictionary for this dataset can be found here:&nbsp;&nbsp;<br></div><div><a href=""http://www.nyc.gov/html/tlc/downloads/pdf/data_dictionary_trip_records_yellow.pdf"">http://www.nyc.gov/html/tlc/downloads/pdf/data_dictionary_trip_records_yellow.pdf</a><br></div>"
2023-11-13 04:44:52.099063-05:00,fd5y-xikb,2012 Yellow Taxi Trip Data,datalens,2022-05-09 22:28:04+00:00,2016-01-07 13:48:16+00:00,NYC OpenData,https://data.cityofnewyork.us/view/fd5y-xikb,Transportation,"<div>Filter cards by selecting date ranges on date/time cards, typing freeform text into search cards, or clicking the columns in the column card. This dataset includes trip records from all trips completed in yellow taxis in NYC in 2012. Records include fields capturing pick-up and drop-off dates/times, pick-up and drop-off locations, trip distances, itemized fares, rate types, payment types, and driver-reported passenger counts. The data used in the attached datasets were collected and provided to the NYC Taxi and Limousine Commission (TLC) by technology providers authorized under the Taxicab Passenger Enhancement Program (TPEP). The trip data was not created by the TLC, and TLC makes no representations as to the accuracy of these data.<br></div><div>Data Dictionary for this dataset can be found here:&nbsp;&nbsp;<br></div><div><a href=""http://www.nyc.gov/html/tlc/downloads/pdf/data_dictionary_trip_records_yellow.pdf"">http://www.nyc.gov/html/tlc/downloads/pdf/data_dictionary_trip_records_yellow.pdf</a><br></div>"
2023-11-13 04:44:52.099063-05:00,7rnv-m532,2013 Yellow Taxi Trip Data,datalens,2022-05-09 22:28:05+00:00,2016-01-03 06:38:01+00:00,NYC OpenData,https://data.cityofnewyork.us/view/7rnv-m532,Transportation,"<div>Filter cards by selecting date ranges on date/time cards, typing freeform text into search cards, or clicking the columns in the column card. This dataset includes trip records from all trips completed in yellow taxis in NYC in 2013. Records include fields capturing pick-up and drop-off dates/times, pick-up and drop-off locations, trip distances, itemized fares, rate types, payment types, and driver-reported passenger counts. The data used in the attached datasets were collected and provided to the NYC Taxi and Limousine Commission (TLC) by technology providers authorized under the Taxicab Passenger Enhancement Program (TPEP). The trip data was not created by the TLC, and TLC makes no representations as to the accuracy of these data.<br></div><div>Data Dictionary for this dataset can be found here:&nbsp;&nbsp;<br></div><div><a href=""http://www.nyc.gov/html/tlc/downloads/pdf/data_dictionary_trip_records_yellow.pdf"">http://www.nyc.gov/html/tlc/downloads/pdf/data_dictionary_trip_records_yellow.pdf</a><br></div>"
2023-11-13 04:44:52.099063-05:00,gn7m-em8n,2014 Yellow Taxi Trip Data,datalens,2022-05-09 22:28:05+00:00,2015-06-04 18:21:09+00:00,NYC OpenData,https://data.cityofnewyork.us/view/gn7m-em8n,Transportation,"<div>Filter cards by selecting date ranges on date/time cards, typing freeform text into search cards, or clicking the columns in the column card.<br></div><div><br></div><div>This dataset includes trip records from all trips completed in yellow taxis in NYC in 2014.&nbsp; Records include fields capturing pick-up and drop-off dates/times, pick-up and drop-off locations, trip distances, itemized fares, rate types, payment types, and driver-reported passenger counts. The data used in the attached datasets were collected and provided to the NYC Taxi and Limousine Commission (TLC) by technology providers authorized under the Taxicab Passenger Enhancement Program (TPEP).&nbsp; The&nbsp; trip data was not created by the TLC, and TLC makes no representations as to the accuracy of these data.<br></div><div>Data Dictionary for this dataset can be found here:&nbsp;&nbsp;<br></div><div><a href=""http://www.nyc.gov/html/tlc/downloads/pdf/data_dictionary_trip_records_yellow.pdf"">http://www.nyc.gov/html/tlc/downloads/pdf/data_dictionary_trip_records_yellow.pdf</a><br></div>"
2023-11-13 04:44:52.099063-05:00,n4kn-dy2y,2015 Green Taxi Trip Data,datalens,2022-05-09 22:28:05+00:00,2015-08-10 11:18:15+00:00,NYC OpenData,https://data.cityofnewyork.us/view/n4kn-dy2y,Transportation,"<div>This dataset includes trip records from all trips completed in green taxis in NYC from January to June in 2015. Records include fields capturing pick-up and drop-off dates/times, pick-up and drop-off locations, trip distances, itemized fares, rate types, payment types, and driver-reported passenger counts. The data used in the attached datasets were collected and provided to the NYC Taxi and Limousine Commission (TLC) by technology providers authorized under the Livery Passenger Enhancement Program (LPEP). The trip data was not created by the TLC, and TLC makes no representations as to the accuracy of these data.<br></div><div>Data Dictionary for this dataset can be found here:<br></div><div><a href=""http://www.nyc.gov/html/tlc/downloads/pdf/data_dictionary_trip_records_green.pdf"">http://www.nyc.gov/html/tlc/downloads/pdf/data_dictionary_trip_records_green.pdf</a><br></div><div><br></div>"
2023-11-13 04:44:52.099063-05:00,ba8s-jw6u,2015 Yellow Taxi Trip Data,datalens,2022-05-09 22:28:06+00:00,2015-08-04 14:11:56+00:00,NYC OpenData,https://data.cityofnewyork.us/view/ba8s-jw6u,Transportation,"<div>This dataset includes trip records from all trips completed in yellow taxis from in NYC from January to June in 2015.&nbsp; Records include fields capturing pick-up and drop-off dates/times, pick-up and drop-off locations, trip distances, itemized fares, rate types, payment types, and driver-reported passenger counts. The data used in the attached datasets were collected and provided to the NYC Taxi and Limousine Commission (TLC) by technology providers authorized under the Taxicab Passenger Enhancement Program (TPEP).&nbsp; The&nbsp; trip data was not created by the TLC, and TLC makes no representations as to the accuracy of these data.<br></div><div>Data Dictionary for this dataset can be found here:&nbsp;&nbsp;<br></div><div><a href=""http://www.nyc.gov/html/tlc/downloads/pdf/data_dictionary_trip_records_yellow.pdf"">http://www.nyc.gov/html/tlc/downloads/pdf/data_dictionary_trip_records_yellow.pdf</a><br></div>"
2023-11-13 04:44:52.099063-05:00,k67s-dv2t,2016 Yellow Taxi Trip Data,datalens,2022-05-09 22:28:07+00:00,2016-12-19 23:39:14+00:00,NYC OpenData,https://data.cityofnewyork.us/view/k67s-dv2t,Transportation,"<div>This dataset includes trip records from all trips completed in yellow taxis from in NYC from January to June in 2016. Records include fields capturing pick-up and drop-off dates/times, pick-up and drop-off locations, trip distances, itemized fares, rate types, payment types, and driver-reported passenger counts. The data used in the attached datasets were collected and provided to the NYC Taxi and Limousine Commission (TLC) by technology providers authorized under the Taxicab Passenger Enhancement Program (TPEP). The trip data was not created by the TLC, and TLC makes no representations as to the accuracy of these data.<br></div><div>Data Dictionary for this dataset can be found here:&nbsp;<br></div><div> <a href=""http://www.nyc.gov/html/tlc/downloads/pdf/data_dictionary_trip_records_yellow.pdf"">http://www.nyc.gov/html/tlc/downloads/pdf/data_dictionary_trip_records_yellow.pdf</a><br></div>"
2023-11-13 04:44:52.099063-05:00,fw4n-6ehm,2016 Green Taxi Trip Data,datalens,2022-05-09 22:28:07+00:00,2016-12-05 19:10:54+00:00,NYC OpenData,https://data.cityofnewyork.us/view/fw4n-6ehm,Transportation,"<div>This dataset includes trip records from all trips completed in green taxis in NYC from January to June 2016. Records include fields capturing pick-up and drop-off dates/times, pick-up and drop-off locations, trip distances, itemized fares, rate types, payment types, and driver-reported passenger counts. The data used in the attached datasets were collected and provided to the NYC Taxi and Limousine Commission (TLC) by technology providers authorized under the Livery Passenger Enhancement Program (LPEP). The trip data was not created by the TLC, and TLC makes no representations as to the accuracy of these data.<br></div>"
2023-11-13 04:44:52.099063-05:00,vfid-uain,NYPD YTD Arrests - Summary Dashboard,datalens,2023-11-08 16:26:43+00:00,2020-08-07 18:38:25+00:00,NYC OpenData,https://data.cityofnewyork.us/view/vfid-uain,Public Safety,"<div>The following visualizations summarize every arrest effected in NYC by the NYPD during the current year.&nbsp; This data is published quarterly. <br></div><div>Each record represents an arrest effected in NYC by the NYPD and includes information about the type of crime, the location and time of enforcement. In addition, information related to suspect demographics is also included. This data can be used by the public to explore the nature of police enforcement activity. <br></div>"
2023-11-13 04:44:52.099063-05:00,6c4k-4mp6,NYPD YTD Criminal Summons - Summary Dashboard,datalens,2023-11-08 16:31:55+00:00,2020-08-07 18:44:09+00:00,NYC OpenData,https://data.cityofnewyork.us/view/6c4k-4mp6,Public Safety,"<div>The following visualizations summarize every criminal summons issued in NYC by the NYPD during the current year.&nbsp; This data is updated quarterly. Each record represents a criminal summons issued in NYC by the NYPD and includes information about the type of infraction, the location and time of enforcement. In addition, information related to suspect demographics is also included. This data can be used by the public to explore the nature of police enforcement activity.<br></div>"
2023-11-13 04:44:52.099063-05:00,u9cc-g2u4,Call Center Data,filter,2023-11-06 20:44:17+00:00,2018-04-24 13:32:54+00:00,NYC OpenData Viewer,https://data.cityofnewyork.us/d/u9cc-g2u4,Health,
2023-11-13 04:44:52.099063-05:00,xi2p-xyn2,CB 1 Month Lookahead (All Agencies),calendar,2023-11-09 20:22:38+00:00,2018-07-06 20:13:32+00:00,LucianReynolds,https://data.cityofnewyork.us/d/xi2p-xyn2,City Government,This list contains information on approved event applications that will occur within the next month. Please note that Permitted Film Events only reflect those permits which will impact one or more streets for at least five days.
2023-11-13 04:44:52.099063-05:00,fyf4-hrcu,Air Quality,datalens,2023-11-02 20:12:22+00:00,2015-07-09 19:56:50+00:00,NYC OpenData,https://data.cityofnewyork.us/view/fyf4-hrcu,Environment,Dataset contains information on New York City air quality surveillance data
2023-11-13 04:44:52.099063-05:00,x2qe-hcwt,Heat & Hot Water Violations by Status,chart,2023-11-12 15:50:48+00:00,2018-10-15 21:48:34+00:00,Serena McIntosh,https://data.cityofnewyork.us/d/x2qe-hcwt,Housing & Development,"Pursuant to New York City’s Housing Maintenance Code, the Department of Housing Preservation and Development (HPD) issues violations against conditions in rental dwelling units that have been verified to violate the New York City using Maintenance Code (HMC) or the New York State Multiple Dwelling Law (MDL). Violations are issued when an inspection verifies that a violation of the HMC or MDL exists. It is closed when the violation is corrected, as observed/verified by HPD or as certified by the landlord."
2023-11-13 04:44:52.099063-05:00,6625-xkgg,Untitled Visualization - Based on NYPD Motor Vehicle Collisions,visualization,2023-11-10 23:52:28+00:00,2018-07-23 16:39:38+00:00,deena,https://data.cityofnewyork.us/d/6625-xkgg,Public Safety,
2023-11-13 04:44:52.099063-05:00,kjcq-h8d9,Borough/Community District Report - CA Population,dataset,2023-07-18 15:54:26+00:00,2018-10-30 16:32:44+00:00,NYC OpenData,https://data.cityofnewyork.us/d/kjcq-h8d9,Social Services,"CA Cases and Recipients Shown on the Borough Consultation Report, by Community District. For MA Enrollees dataset please visit https://data.cityofnewyork.us/d/2v2r-tx9r For SNAP Population dataset please visit https://data.cityofnewyork.us/d/jye8-w4d7"
2023-11-13 04:44:52.099063-05:00,2v2r-tx9r,Borough/Community District Report - MA Enrollees,dataset,2023-07-18 15:54:32+00:00,2018-10-30 17:00:22+00:00,NYC OpenData,https://data.cityofnewyork.us/d/2v2r-tx9r,Social Services,"Total MA Enrollees and MA Enrollees who do not receive other Social Service Benefits, by Community District. These statistics are also shown on the Borough Consultation Report. For CA Population dataset please visit https://data.cityofnewyork.us/d/kjcq-h8d9 For SNAP Population dataset please visit https://data.cityofnewyork.us/d/jye8-w4d7"
2023-11-13 04:44:52.099063-05:00,jye8-w4d7,Borough/Community District Report - SNAP Population,dataset,2023-07-18 15:54:39+00:00,2018-10-30 17:04:29+00:00,NYC OpenData,https://data.cityofnewyork.us/d/jye8-w4d7,Social Services,Population of individuals and households receiving SNAP Benefits as shown on the Borough Consultation Report. For CA Population dataset please visit https://data.cityofnewyork.us/d/kjcq-h8d9 For MA Enrollees dataset please visit https://data.cityofnewyork.us/d/2v2r-tx9r
2023-11-13 04:44:52.099063-05:00,dwzs-n5b9,HRA Facts Rates,dataset,2023-08-08 20:08:24+00:00,2020-02-12 14:58:37+00:00,NYC OpenData,https://data.cityofnewyork.us/d/dwzs-n5b9,Social Services,HRA facts from the Office of Data Reporting and Analysis (ODRA)
2023-11-13 04:44:52.099063-05:00,wn9v-p3q3,HRA Facts Case Counts,dataset,2023-08-08 20:08:31+00:00,2020-02-12 14:53:21+00:00,NYC OpenData,https://data.cityofnewyork.us/d/wn9v-p3q3,Social Services,HRA facts from the Office of Data Reporting and Analysis (ODRA)
2023-11-13 04:44:52.099063-05:00,4vdj-5ima,HRA Facts Case Value,dataset,2023-08-08 20:08:41+00:00,2020-02-12 14:56:32+00:00,NYC OpenData,https://data.cityofnewyork.us/d/4vdj-5ima,Social Services,HRA facts from the Office of Data Reporting and Analysis (ODRA)
2023-11-13 04:44:52.099063-05:00,csbm-damb,Untitled Visualization - Based on Open Article 7 Petitions,visualization,2023-07-05 18:22:41+00:00,2018-06-28 19:30:25+00:00,Jimmy Tan,https://data.cityofnewyork.us/d/csbm-damb,City Government,
2023-11-13 04:44:52.099063-05:00,xdc2-zgy3,New York City Historical Vital Records - Digitized Certificates,dataset,2023-10-11 18:50:06+00:00,2022-10-11 17:35:00+00:00,NYC OpenData,https://data.cityofnewyork.us/d/xdc2-zgy3,City Government,"NOTICE: This dataset will not be available on NYC Open Data after <b>Friday, October 20, 2023</b>. It has been replaced by the NYC Historical Records Data Collection that can be found at this link: <a href=""https://data.cityofnewyork.us/browse?Data-Collection_Data-Collection=NYC+Historical+Vital+Records&q="">https://data.cityofnewyork.us/browse?Data-Collection_Data-Collection=NYC+Historical+Vital+Records&q=</a>. Please refer to the new collection for all Historical Digitized Birth, Marriage, and Death Certificates. Thank you.<br><br>This dataset provides metadata for New York City digitized historical birth, death and marriage records ranging from 1855-1949."
2023-11-13 04:44:52.099063-05:00,wqh5-zjte,2016-2017 Discharge Reporting by Code - MS,dataset,2021-01-01 00:46:33+00:00,2021-01-01 00:42:54+00:00,New York City Department of Education,https://data.cityofnewyork.us/d/wqh5-zjte,Education,"This report provides data regarding students enrolled in New York City schools during the 2015-2016 school year, according to the guidelines set by Local Law 2011/042. At the citywide, borough and district levels, the DOE is required to report discharge, transfer and graduation counts by grade level (middle school only), cohort (high school only) and disability status. At the school level, the DOE is required to report discharge and transfer counts by grade level (middle school only), cohort (high school only), disability status broken down by, age as of 12/31 of the previous calendar year age, race/ethnicity, and gender. Citywide, Borough, and District results represent the last discharge or transfer for each student. School level results represent all events for all students. District 79 programs are included in the Citywide, Borough and District results, but not shown in the school-level spreadsheets."
2023-11-13 04:44:52.099063-05:00,se9y-csnn,2016-2017 Discharge Reporting by Code - HS,dataset,2021-01-01 00:53:21+00:00,2021-01-01 00:48:03+00:00,New York City Department of Education,https://data.cityofnewyork.us/d/se9y-csnn,Education,"This report provides data regarding students enrolled in New York City schools during the 2015-2016 school year, according to the guidelines set by Local Law 2011/042. At the citywide, borough and district levels, the DOE is required to report discharge, transfer and graduation counts by grade level (middle school only), cohort (high school only) and disability status. At the school level, the DOE is required to report discharge and transfer counts by grade level (middle school only), cohort (high school only), disability status broken down by, age as of 12/31 of the previous calendar year age, race/ethnicity, and gender. Citywide, Borough, and District results represent the last discharge or transfer for each student. School level results represent all events for all students. District 79 programs are included in the Citywide, Borough and District results, but not shown in the school-level spreadsheets."
2023-11-13 04:44:52.099063-05:00,un8d-rbed,SBS ICAP Contract Opportunities - Historical,dataset,2021-12-26 14:24:48+00:00,2016-11-18 15:18:56+00:00,NYC OpenData,https://data.cityofnewyork.us/d/un8d-rbed,Business,Subcontracting opportunities for NYC-Certified M/WBEs through privately funded Industrial and Commercial Abatement Program (ICAP) projects
2023-11-13 04:44:52.099063-05:00,34hf-h2fw,DSNY - PlowNYC Data,datalens,2022-02-01 18:15:07+00:00,2016-10-21 22:21:58+00:00,NYC OpenData,https://data.cityofnewyork.us/view/34hf-h2fw,City Government,"<div>A table containing physical ID (a unique street segment identifier) and the date/time with which it was last associated with a GPS signal emitted by a DSNY snow clearing vehicle. Click <a target=""_blank"" rel=""nofollow noreferrer external"" href=""https://data.cityofnewyork.us/api/views/34hf-h2fw/files/91dce66f-0382-4663-af56-db6a841fac3d?download=true&amp;filename=DSNY_PlowNYC_Dictionary.xlsx"">here</a>&nbsp;to download the data dictionary. Click <a target=""_blank"" rel=""nofollow noreferrer external"" href=""http://maps.nyc.gov/snow/"">here</a>&nbsp;to visit the PlowNYC website.<br></div><div><br></div><div>Basic usage guidelines: To determine the relationship between “PHYSICAL_ID” and street segment, download the <a target=""_blank"" rel=""nofollow noreferrer external"" href=""https://data.cityofnewyork.us/City-Government/NYC-Street-Centerline-CSCL-for-PlowNYC-Winter-2016/uxpt-rzip"">city street centerline dataset</a> and join the two datasets on “PHYSICAL_ID” (PlowNYC) to “physicalid” (CSCL). To identify the PHYSYCAL_ID of one specific street segment, you can click the “Navigate to location” button on the top left of the <a target=""_blank"" rel=""nofollow noreferrer external"" href=""https://data.cityofnewyork.us/City-Government/NYC-Street-Centerline-CSCL-for-PlowNYC-Winter-2016/uxpt-rzip"">NYC Street Centerline Map</a>, enter a specific address, and click the blue line associated with the street. You can then enter this number into the PHYSICAL_ID search card below to see all associated entries.<br></div><div><br></div><div>This Data is provided for informational purposes only. You may find that weather conditions, construction projects, closures, or other events may cause actual conditions to differ from the Data. Moreover, the Data may contain inaccurate or incomplete information due to the passage of time, changing circumstances, sources used and the nature of collecting comprehensive information, any of which may lead to incorrect results. Accordingly, you should exercise good judgement and common sense in your use of this Data.<br></div>"
2023-11-13 04:44:52.099063-05:00,e266-vpg7,Directory Of New York City Police Pension Fund Financial Reports,dataset,2018-09-10 19:29:58+00:00,2013-02-28 14:50:05+00:00,NYC OpenData,https://data.cityofnewyork.us/d/e266-vpg7,Business,Details about NYC Police Pension Fund Financial Reports and the link to those documents
2023-11-13 04:44:52.099063-05:00,i447-i5u3,Directory Of New York City Police Pension Fund Contact Numbers,dataset,2018-09-10 19:29:59+00:00,2013-02-28 14:47:15+00:00,NYC OpenData,https://data.cityofnewyork.us/d/i447-i5u3,Social Services,Contact information for various departments in New York City Police Pension Fund Agency
2023-11-13 04:44:52.099063-05:00,a3vc-fsgj,Universal Pre-K (UPK) School Locations,datalens,2018-09-11 16:29:10+00:00,2015-04-06 21:38:49+00:00,NYC OpenData,https://data.cityofnewyork.us/view/a3vc-fsgj,Education,Directory of Universal Pre-K (UPK) School Locations
2023-11-13 04:44:52.099063-05:00,ry9a-ubra,2010 Yellow Taxi Trip Data,datalens,2018-09-11 16:50:16+00:00,2016-01-07 14:07:15+00:00,NYC OpenData,https://data.cityofnewyork.us/view/ry9a-ubra,Transportation,"<div>Filter cards by selecting date ranges on date/time cards, typing freeform text into search cards, or clicking the columns in the column card. This dataset includes trip records from all trips completed in yellow taxis in NYC in 2010. Records include fields capturing pick-up and drop-off dates/times, pick-up and drop-off locations, trip distances, itemized fares, rate types, payment types, and driver-reported passenger counts. The data used in the attached datasets were collected and provided to the NYC Taxi and Limousine Commission (TLC) by technology providers authorized under the Taxicab Passenger Enhancement Program (TPEP). The trip data was not created by the TLC, and TLC makes no representations as to the accuracy of these data.<br></div><div>Data Dictionary for this dataset can be found here: <a href=""http://www.nyc.gov/html/tlc/downloads/pdf/data_dictionary_trip_records_yellow.pdf"">http://www.nyc.gov/html/tlc/downloads/pdf/data_dictionary_trip_records_yellow.pdf</a><br></div><div><br></div>"
2023-11-13 04:44:52.099063-05:00,88da-cha7,NYC Media Video Directory,href,2018-09-11 21:20:12+00:00,2012-02-24 17:45:05+00:00,NYC OpenData,https://data.cityofnewyork.us/d/88da-cha7,Recreation,An XML file with metadata related to each video available on nyc.gov/vod
2023-11-13 04:44:52.099063-05:00,xdsd-mmyu,NYC Media Video Directory (Mobile),href,2018-09-11 21:20:40+00:00,2012-02-24 17:53:56+00:00,NYC OpenData,https://data.cityofnewyork.us/d/xdsd-mmyu,Recreation,"An XML file with metadata related to each video available on nyc.gov/vod. Created for usage on an iPad, iPhone, or Android device (mp4)."
2023-11-13 04:44:52.099063-05:00,uv67-wxba,Senate District Breakdowns,dataset,2019-02-11 21:54:44+00:00,2011-07-27 14:08:43+00:00,NYC OpenData,https://data.cityofnewyork.us/d/uv67-wxba,City Government,Demographic statistics broken down by senate districts
2023-11-13 04:44:52.099063-05:00,77d2-9ebr,Congress District Breakdowns,dataset,2019-02-11 21:55:08+00:00,2011-07-27 14:13:45+00:00,NYC OpenData,https://data.cityofnewyork.us/d/77d2-9ebr,City Government,Demographic statistics broken down by congress districts
2023-11-13 04:44:52.099063-05:00,jqy3-ybjq,Council district breakdown,dataset,2019-02-11 21:55:49+00:00,2011-10-10 23:45:47+00:00,NYC OpenData,https://data.cityofnewyork.us/d/jqy3-ybjq,City Government,Demographic statistics broken down by council districts Update Schedule: As required
2023-11-13 04:44:52.099063-05:00,urvc-2kdr,Neighborhood Development Area Breakdowns,dataset,2019-02-11 21:56:16+00:00,2011-07-27 14:11:57+00:00,NYC OpenData,https://data.cityofnewyork.us/d/urvc-2kdr,Housing & Development,Demographic statistics broken down by neighborhood development areas
2023-11-13 04:44:52.099063-05:00,g3vh-kbnw,School District Breakdowns,dataset,2019-02-11 21:56:46+00:00,2011-07-27 14:09:55+00:00,NYC OpenData,https://data.cityofnewyork.us/d/g3vh-kbnw,Education,Demographic statistics broken down by school districts
2023-11-13 04:44:52.099063-05:00,w3c6-35wg,Community District Breakdowns,dataset,2019-02-11 21:51:50+00:00,2011-07-27 14:14:42+00:00,NYC OpenData,https://data.cityofnewyork.us/d/w3c6-35wg,City Government,Demographic statistics broken down by community districts
2023-11-13 04:44:52.099063-05:00,dhs7-q59e,DYCD after-school programs: Family Support Programs for Seniors,dataset,2018-09-10 19:22:42+00:00,2011-09-06 20:19:52+00:00,NYC OpenData,https://data.cityofnewyork.us/d/dhs7-q59e,Social Services,"Facilities in New York City, by agency and site, that offer after-school Family Support Programs for seniors and older adults.Submitted by the Department of Youth and Community Development (DYCD)."
2023-11-13 04:44:52.099063-05:00,fqcv-e9sg,DYCD after-school-programs: Housing,dataset,2018-09-10 19:22:43+00:00,2011-09-06 20:28:38+00:00,NYC OpenData,https://data.cityofnewyork.us/d/fqcv-e9sg,Social Services,"Facilities in New York City, by agency and site, that offer Family Support after-school “Housing Assistance and Advocacy Programs” for adults and young adults ages 18 and up - Department of Youth and Community Development (DYCD). Update Frequency: Annually"
2023-11-13 04:44:52.099063-05:00,9f5k-vxxv,DYCD after-school programs: Health Stat,dataset,2018-09-10 19:22:44+00:00,2011-09-02 20:32:13+00:00,NYC OpenData,https://data.cityofnewyork.us/d/9f5k-vxxv,Social Services,"Facilities in New York City, by agency and site, that offer Neighborhood Development Area (NDA) “Health Stat” after-school Family Support Programs. - Department of Youth and Community Development (DYCD)."
2023-11-13 04:44:52.099063-05:00,6rg9-pfbz,DYCD after-school programs: NDA Educational Middle School Programs,dataset,2018-09-10 19:22:46+00:00,2011-09-01 16:42:10+00:00,NYC OpenData,https://data.cityofnewyork.us/d/6rg9-pfbz,Education,"Facilities in New York City, by agency and site, that offer “Neighborhood Development Area (NDA) Educational Middle School Programs” after-school programs for children in Middle School."
2023-11-13 04:44:52.099063-05:00,pyif-r8qe,DYCD after-school programs: Beacon Satellite At NYCHA Programs,dataset,2018-09-10 19:22:48+00:00,2011-09-01 16:20:02+00:00,NYC OpenData,https://data.cityofnewyork.us/d/pyif-r8qe,Education,"Facilities in New York City, by agency and site, that offer “Beacon Satellite at NYCHA Programs” after-school programs."
2023-11-13 04:44:52.099063-05:00,a8rp-fpnn,DYCD after-school programs: Adolescent Literacy,dataset,2018-09-10 19:22:49+00:00,2011-09-02 18:59:21+00:00,NYC OpenData,https://data.cityofnewyork.us/d/a8rp-fpnn,Education,"Facilities in New York City, by agency and site, that offer after-school programs and learning resources for adolescent literacy."
2023-11-13 04:44:52.099063-05:00,esw6-z4id,DYCD after-school programs: Fatherhood,dataset,2018-09-10 19:22:50+00:00,2011-09-06 20:36:34+00:00,NYC OpenData,https://data.cityofnewyork.us/d/esw6-z4id,Social Services,"Facilities in New York City, by agency and site, that offer Family Support after-school “Fatherhood Initiative Programs” for young adults ages 16 to 24. Submitted by the Department of Youth and Community Development (DYCD)."
2023-11-13 04:44:52.099063-05:00,k3qa-jvkc,DYCD after-school programs: NDA Family Literacy,dataset,2018-09-10 19:22:51+00:00,2011-09-02 19:12:58+00:00,NYC OpenData,https://data.cityofnewyork.us/d/k3qa-jvkc,Education,"Facilities in New York City, by agency and site, that offer “NDA (Neighborhood Development Area) Reading and Writing Program” after-school family literacy programs. - Department of Youth and Community Development (DYCD)."
2023-11-13 04:44:52.099063-05:00,vspn-8tzq,Office Of Adult And Continuing Education Location Directory,dataset,2018-09-10 19:25:15+00:00,2013-03-19 20:27:55+00:00,NYC OpenData,https://data.cityofnewyork.us/d/vspn-8tzq,Social Services,Listing of adult and continuing education program locations
2023-11-13 04:44:52.099063-05:00,73bd-vkmx,DYCD after-school programs: Young Adult Internship Programs,dataset,2018-09-10 19:22:41+00:00,2011-09-01 20:22:26+00:00,NYC OpenData,https://data.cityofnewyork.us/d/73bd-vkmx,Education,"Facilities in New York City, by agency and site, that offer “Youth Adult Internship Program” after-school job and internship programs for young adults ages 16 to 24."
2023-11-13 04:44:52.099063-05:00,ia9u-k3t3,DYCD after-school programs: NDA Adult Literacy Programs,dataset,2018-09-10 19:22:39+00:00,2011-09-02 19:06:10+00:00,NYC OpenData,https://data.cityofnewyork.us/d/ia9u-k3t3,Education,"Facilities in New York City, by agency and site, that offer “Neighborhood Development Area (NDA) Reading and Writing Program” after-school adult literacy programs - the Department of Youth and Community Development (DYCD)."
2023-11-13 04:44:52.099063-05:00,mrxb-9w9v,DYCD after-school programs: NDA Youth Employment Programs,dataset,2018-09-10 19:22:36+00:00,2011-09-01 21:00:43+00:00,NYC OpenData,https://data.cityofnewyork.us/d/mrxb-9w9v,Education,"Facilities in New York City, by agency and site, that offer “NDA Neighborhood Development Area Youth Employment Program” after-school job and internship programs for children and young adults ages 14 to 21 in Middle School, in High School, or in all grades."
2023-11-13 04:44:52.099063-05:00,6ej9-7qyi,After-School Programs,map,2018-09-10 19:22:09+00:00,2013-04-05 15:26:04+00:00,NYC OpenData,https://data.cityofnewyork.us/d/6ej9-7qyi,Social Services,"Facilities in New York City, by agency and site, that offer after-school programs."
2023-11-13 04:44:52.099063-05:00,35sw-rdxj,DYCD after-school programs: Beacon Programs,dataset,2018-09-10 19:22:10+00:00,2011-08-31 19:20:58+00:00,NYC OpenData,https://data.cityofnewyork.us/d/35sw-rdxj,Education,"Facilities in New York City, by agency and site, that offer ""Beacon Programs"" after-school programs. Update Schedule: Annually"
2023-11-13 04:44:52.099063-05:00,6bic-qvek,Zip code breakdowns,dataset,2018-09-10 19:22:12+00:00,2011-10-10 23:47:45+00:00,NYC OpenData,https://data.cityofnewyork.us/d/6bic-qvek,City Government,Demographic statistics broken down by zip code Update Schedule: As required
2023-11-13 04:44:52.099063-05:00,mbd7-jfnc,DYCD after-school programs,dataset,2018-09-10 19:22:13+00:00,2011-08-31 18:20:25+00:00,NYC OpenData,https://data.cityofnewyork.us/d/mbd7-jfnc,Education,"After-school programs in New York City, organized by various categories and for various audiences."
2023-11-13 04:44:52.099063-05:00,uvks-tn5n,DYCD after-school programs: Out Of School Time,dataset,2018-09-10 19:22:17+00:00,2011-08-31 19:04:43+00:00,NYC OpenData,https://data.cityofnewyork.us/d/uvks-tn5n,Education,"Facilities in New York City that offer ""Out of School Time"" after-school programs. Managed by the Department of Youth and Community Development (DYCD). Update Frequency: Annually"
2023-11-13 04:44:52.099063-05:00,chv4-k4fa,DYCD after-school programs: Neighborhood Development Area (NDA) Family Support,dataset,2018-09-10 19:22:18+00:00,2011-09-06 20:51:41+00:00,NYC OpenData,https://data.cityofnewyork.us/d/chv4-k4fa,Education,"A database of facilities in New York City, by agency and site, that offer NDA (Neighborhood Development Area) after-school “Family Support Programs,” including immigrant services, legal assistance, domestic violence, health, housing and literacy programs for adults, seniors, young adults and children of all ages"
2023-11-13 04:44:52.099063-05:00,36hn-wea6,DYCD after-school programs: OSY Out Of School Youth Employment Programs,dataset,2018-09-10 19:22:19+00:00,2011-09-01 20:39:32+00:00,NYC OpenData,https://data.cityofnewyork.us/d/36hn-wea6,Education,"Facilities in New York City, by agency and site, that offer “Out-Of -School Youth Employment (OSY) Program” after-school job and internship programs for young adults ages 16 to 21."
2023-11-13 04:44:52.099063-05:00,56u9-ryj4,DYCD after-school programs: ISY In-School Youth Employment Programs,dataset,2018-09-10 19:22:21+00:00,2011-09-01 20:31:40+00:00,NYC OpenData,https://data.cityofnewyork.us/d/56u9-ryj4,Education,"Facilities in New York City, by agency and site, that offer “In-School Youth Employment (ISY) Program” after-school job and internship programs for students in High School."
2023-11-13 04:44:52.099063-05:00,ut9y-2ptp,DYCD after-school programs: NDA Educational High School Progams,dataset,2018-09-10 19:22:22+00:00,2011-09-01 16:51:52+00:00,NYC OpenData,https://data.cityofnewyork.us/d/ut9y-2ptp,Education,"Facilities in New York City, by agency and site, that offer “Neighborhood Development Area (NDA) Educational High School Programs” after-school programs for children in High School."
2023-11-13 04:44:52.099063-05:00,w9cy-nnma,DYCD after-school programs: Reading And Writing Literacy Programs,dataset,2018-09-10 19:22:23+00:00,2011-09-02 18:40:22+00:00,NYC OpenData,https://data.cityofnewyork.us/d/w9cy-nnma,Education,"Facilities in New York City, by agency and site, that offer after-school programs and resources for adult and adolescent literacy, family literacy, and English as a Second Language (ESOL) programs."
2023-11-13 04:44:52.099063-05:00,99br-frp6,DYCD after-school programs: Jobs and Internships,dataset,2018-09-10 19:22:26+00:00,2011-09-01 17:11:12+00:00,NYC OpenData,https://data.cityofnewyork.us/d/99br-frp6,Education,"Facilities in New York City, by agency and site, that offer the following after-school job and internship programs: Summer Youth Employment, In-School Youth Employment (ISY), Out-of-School Youth Employment (OSY), Youth Employment, and Adult Employment Programs for children in age groups 14 to 24, 16 to 21, children in all grades, and adults."
2023-11-13 04:44:52.099063-05:00,ujsc-un6m,DYCD after-school programs: Runaway And Homeless Youth,dataset,2018-09-10 19:22:27+00:00,2011-09-02 19:21:30+00:00,NYC OpenData,https://data.cityofnewyork.us/d/ujsc-un6m,Social Services,"Facilities in New York City, by agency and site, that offer after-school programs for runaway and homeless youth, including street outreach programs, drop-in centers, crisis shelters, and transitional independent living (TIL) programs."
2023-11-13 04:44:52.099063-05:00,q5x3-7piv,DYCD after-school-programs: SYEP Summer Youth Employment Programs,dataset,2018-09-10 19:22:30+00:00,2011-09-01 20:13:45+00:00,NYC OpenData,https://data.cityofnewyork.us/d/q5x3-7piv,Education,"Facilities in New York City, by agency and site, that offer “Summer Youth Employment (SYEP) Program” after-school job and internship programs for children ages 14 to 24 - the Department of Youth and Community Development (DYCD)."
2023-11-13 04:44:52.099063-05:00,zmut-au2w,DYCD after-school programs: Immigrant Services,dataset,2018-09-10 19:22:31+00:00,2011-09-02 20:14:11+00:00,NYC OpenData,https://data.cityofnewyork.us/d/zmut-au2w,Social Services,"Facilities in New York City, by agency and site, that offer after-school programs for immigration services and immigrant support services. These include programs for legal assistance, legal services, refugee assistance, immigrant youth services, immigrant family services, and domestic violence programs.- Department of Youth and Community Development (DYCD). Update Frequency: Annually"
2023-11-13 04:44:52.099063-05:00,fijd-wye8,DYCD after-school programs: Teen ACTION Programs,dataset,2018-09-10 19:22:35+00:00,2011-09-01 16:33:52+00:00,NYC OpenData,https://data.cityofnewyork.us/d/fijd-wye8,Education,"Facilities in New York City, by agency and site, that offer “Teen ACTION Programs” after-school programs for children ages 13 to 21."
2023-11-13 04:44:52.099063-05:00,yqkf-i7a4,DYCD after-school programs: Healthy Families,dataset,2018-09-10 19:22:37+00:00,2011-09-02 21:21:26+00:00,NYC OpenData,https://data.cityofnewyork.us/d/yqkf-i7a4,Social Services,"Facilities in New York City, by agency and site, that offer “Healthy Family” after-school Family Support Programs, such as programs in Housing Assistance and Advocacy, Adult Health Awareness and Prevention, HIV/AIDS Support Services, Young Parent Education and Family Support, Substance Abuse Education and Prevention, and the Fatherhood Initiative."
2023-11-13 04:44:52.099063-05:00,2t32-hbca,Assembly District Breakdowns,dataset,2019-02-12 22:46:02+00:00,2011-07-27 14:15:56+00:00,NYC OpenData,https://data.cityofnewyork.us/d/2t32-hbca,City Government,Demographic statistics broken down by assembly districts
2023-11-13 04:44:52.099063-05:00,f7b6-v6v3,NYC Health + Hospitals patient care locations - 2011,dataset,2019-07-03 19:33:48+00:00,2011-09-30 18:15:56+00:00,NYC OpenData,https://data.cityofnewyork.us/d/f7b6-v6v3,Health,"NYC Health + Hospitals is the largest municipal health care system in the country serving more than one million New Yorkers every year. The City’s public health care delivery system provides trauma, emergency, medical, mental health and substance abuse services across the five boroughs. This is a list of the public hospitals, skilled nursing facilities, and some of the community-based health centers that are part of the NYC Health + Hospitals system as of 2011."
2023-11-13 04:44:52.099063-05:00,y4yc-78a4,NYC Health + Hospitals WTC 9/11 Health Center - patient population – 2011,dataset,2019-07-03 19:38:36+00:00,2011-09-30 18:40:59+00:00,NYC OpenData,https://data.cityofnewyork.us/d/y4yc-78a4,Health,"The NYC Health + Hospitals World Trade Center (WTC) Environmental Health Center program, one of three Centers of Excellence in New York City, provides medical and mental healthcare to residents, students, workers, and passersby who may still be sick from 9/11. This data shows the number of patients enrolled in the program from 2008 to 2011.Update Frequency: As needed"
2023-11-13 04:44:52.099063-05:00,32yu-maz2,NYC Health + Hospitals Options - income eligibility - 2011,dataset,2019-07-03 19:38:50+00:00,2011-09-30 18:24:31+00:00,NYC OpenData,https://data.cityofnewyork.us/d/32yu-maz2,Health,The NYC Health + Hospitals Options is a discount payment scale that determines fees for NYC Health + Hospitals services for New Yorkers who do not qualify or cannot afford any of the free or low cost health insurance plans available. The reduced fees are based on family size and income. This data shows the minimum and maximum income levels needed to be eligible for the reduced rates in 2011.
2023-11-13 04:44:52.099063-05:00,dgg9-jkx8,NYC Health + Hospitals WTC 9/11 Health Center - patient categories – 2011,dataset,2019-07-03 19:39:21+00:00,2011-09-30 18:35:08+00:00,NYC OpenData,https://data.cityofnewyork.us/d/dgg9-jkx8,Health,"The NYC Health + Hospitals World Trade Center (WTC) Environmental Health Center program, one of three Centers of Excellence in New York City, provides medical and mental healthcare to residents, students, workers, and passersby who may still be sick from 9/11. This data shows the categories of the patient population enrolled in the program from 2008 to 2011."
2023-11-13 04:44:52.099063-05:00,3955-c36a,NYC Health + Hospitals/Options - fees - 2011,dataset,2019-07-03 19:39:37+00:00,2011-09-30 18:30:39+00:00,NYC OpenData,https://data.cityofnewyork.us/d/3955-c36a,Health,NYC Health + Hospitals Options is a discount payment scale that determines fees for NYC Health + Hospitals services for New Yorkers who do not qualify or cannot afford any of the free or low cost health insurance plans available. The reduced fees are based on family size and income. This table shows a sample of the reduced fees available to eligible individuals in 2011.Update Frequency: As needed
2023-11-13 04:44:52.099063-05:00,hi3x-y76v,NYC Health + Hospitals patient satisfaction scores – 2009,dataset,2019-07-03 19:42:51+00:00,2011-09-30 17:30:12+00:00,NYC OpenData,https://data.cityofnewyork.us/d/hi3x-y76v,Health,These are patient satisfaction scores measured by a standardized survey known as the Hospital Consumer Assessment of Healthcare Providers & Systems (HCAHPS). The survey is conducted by the federal Centers for Medicare and Medicaid Services (CMS) as a standard assessment tool for all hospitals throughout the nation. This data shows the 2009 patient satisfaction scores in New York City’s 11 public hospitals.
2023-11-13 04:44:52.099063-05:00,4bew-e6kg,View of NYC Health + Hospitals patient care locations – 2011 (Map),map,2019-07-03 19:43:19+00:00,2011-10-11 18:42:32+00:00,NYC OpenData,https://data.cityofnewyork.us/d/4bew-e6kg,Health,"NYC Health + Hospitals is the largest municipal health care system in the country serving more than one million New Yorkers every year. The City’s public health care delivery system provides trauma, emergency, medical, mental health and substance abuse services across the five boroughs. This is a list of the public hospitals, skilled nursing facilities, and some of the community-based health centers that are part of the NYC Health + Hospitals system as of 2011."
2023-11-13 04:44:52.099063-05:00,au2v-djg4,NYC Health + Hospitals WTC 9/11 Health Center – common disorders – 2011,dataset,2019-07-03 19:44:28+00:00,2011-09-30 18:45:42+00:00,NYC OpenData,https://data.cityofnewyork.us/d/au2v-djg4,Health,"The NYC Health + Hospitals World Trade Center (WTC) Environmental Health Center, one of three 9/11 health Centers of Excellence in New York City, provides medical and mental healthcare to residents, students, workers, and passersby who may still be sick from 9/11. This data shows the major disorders suffered by patients who were enrolled between 4/1/2010 and 3/31/2011."
2023-11-13 04:44:52.099063-05:00,ymhw-9cz9,NYC Health + Hospitals Facilities - 2011,map,2019-07-03 20:58:48+00:00,2011-10-11 20:18:31+00:00,NYC OpenData,https://data.cityofnewyork.us/d/ymhw-9cz9,Health,"NYC Health + Hospitals is the largest municipal health care system in the country serving more than one million New Yorkers every year. The City’s public health care delivery system provides trauma, emergency, medical, mental health and substance abuse services across the five boroughs. This is a list of the public hospitals, skilled nursing facilities, and some of the community-based health centers that are part of the NYC Health + Hospitals system as of 2011."
2023-11-13 04:44:52.099063-05:00,5ytq-4m2r,2015-2016 Discharge Reporting By Code - HS,dataset,2022-05-09 22:24:11+00:00,2019-06-28 14:45:59+00:00,New York City Department of Education,https://data.cityofnewyork.us/d/5ytq-4m2r,Education,"This report provides data regarding students enrolled in New York City schools during the 2015-2016 school year, according to the guidelines set by Local Law 2011/042. At the citywide, borough and district levels, the DOE is required to report discharge, transfer and graduation counts by grade level (middle school only), cohort (high school only) and disability status. At the school level, the DOE is required to report discharge and transfer counts by grade level (middle school only), cohort (high school only), disability status broken down by, age as of 12/31 of the previous calendar year age, race/ethnicity, and gender."
2023-11-13 04:44:52.099063-05:00,ru7q-zr7g,2014-15 Discharge Reporting by Code - MS,dataset,2022-05-09 22:23:26+00:00,2019-04-17 15:38:41+00:00,New York City Department of Education,https://data.cityofnewyork.us/d/ru7q-zr7g,Education,"Local Law 42, enacted in 2011, requires the New York City Department of Education (DOE) to report to the New York City Council by June 30, 2015 the num ber of students in grades 6 through 8 who were discharged, transferred, or graduated during the 2014-15 school year. This document summarizes and explains reported data for all students by transfer and discharges in grades 6 - 8. This law requires the reporting of discharges and graduations that occur during one school year."
2023-11-13 04:44:52.099063-05:00,dazy-4wwv,2014-15 Discharge Reporting By Code - HS,dataset,2022-05-09 22:23:26+00:00,2019-06-27 20:05:42+00:00,New York City Department of Education,https://data.cityofnewyork.us/d/dazy-4wwv,Education,"This report provides data regarding students enrolled in New York City schools during the 2014-2015 school year, according to the guidelines set by Local Law 2011/042. Consistent with other school-year reporting, these results include students enrolled and events that occurred between October 31, 2014 and July 1, 2015. Prior to October 31st, 10,349 students transferred between New York City schools, 3,806 students were discharged outside of NYC schools, and 3,301 students dropped out or were discharged under other codes."
2023-11-13 04:44:52.099063-05:00,hqb2-y6mu,2015 - 2016 Discharge Reporting by Code -MS,dataset,2022-05-09 22:23:40+00:00,2019-04-15 18:29:21+00:00,New York City Department of Education,https://data.cityofnewyork.us/d/hqb2-y6mu,Education,"New York City Department of Education 2015 - 2016 Discharge Report This report provides data regarding students enrolled in New York City schools during the 2015-2016 school year, according to the guidelines set by Local Law 2011/042."
2023-11-13 04:44:52.099063-05:00,nawr-fbpn,2010-11 Discharge Reporting by Code - MS,dataset,2022-05-09 22:22:09+00:00,2019-04-10 18:35:17+00:00,New York City Department of Education,https://data.cityofnewyork.us/d/nawr-fbpn,Education,"Local Law 42, enacted in 2011, requires the New York City Department of Education (DOE) to report to the New York City Council by June 30, 2015 the number of students in grades 6 through 12 who were discharged, transferred, or graduated during the 2014-15 school year. This document summarizes and explains the reported data."
2023-11-13 04:44:52.099063-05:00,fuzi-xuv4,2010-11 Discharge Reporting by Code - HS,dataset,2022-05-09 22:22:09+00:00,2019-06-27 18:50:32+00:00,New York City Department of Education,https://data.cityofnewyork.us/d/fuzi-xuv4,Education,"This report consist of data regarding students enrolled in New York City schools during 2010-2011 school year, following the guidelines set by Local Law 2011/042. Reports students enrolled and events that occurred between October 31, 2010 and July 1, 2011. Prior to October 31st, 18,953 students transferred between New York City schools, 5,200 were discharged outside of NYC schools and 3,375 dropped out or were discharged under other codes. School level results are presented for District 79 or YABCs."
2023-11-13 04:44:52.099063-05:00,y86q-g4pf,2013-14 Discharge Reporting By Code - MS,dataset,2022-05-09 22:22:55+00:00,2019-04-16 16:36:11+00:00,New York City Department of Education,https://data.cityofnewyork.us/d/y86q-g4pf,Education,"Local Law 42, enacted in 2011, requires the New York City Department of Education (DOE) to report to the New York City Council by June 30, 2013 the num ber of students in grades 6 through 8 who were discharged, transferred, or graduated during the 2013-14 school year. This document summarizes and explains reported data for all students by transfer and discharges in grades 6 - 8. This law requires the reporting of discharges and graduations that occur during one school year."
2023-11-13 04:44:52.099063-05:00,chb2-ipkr,2013-14 Discharge Reporting By Code - HS,dataset,2022-05-09 22:22:55+00:00,2019-04-16 15:39:18+00:00,New York City Department of Education,https://data.cityofnewyork.us/d/chb2-ipkr,Education,"Local Law 42, enacted in 2011, requires the New York City Department of Education (DOE) to report to the New York City Council by June 30, 2013 the num ber of students in grades 9 through 12 who were discharged, transferred, or graduated during the 2013-14 school year. This document summarizes and explains reported data for all students by transfer and discharges in grades 9 - 12. This law requires the reporting of discharges and graduations that occur during one school year."
2023-11-13 04:44:52.099063-05:00,gix2-d8at,2011-12 Discharge Reporting by Code - HS,dataset,2022-05-09 22:22:23+00:00,2019-04-11 18:19:15+00:00,New York City Department of Education,https://data.cityofnewyork.us/d/gix2-d8at,Education,"Local Law 42, enacted in 2011, requires the New York City Department of Education (DOE) to report to the New York City Council by June 30, 2013 the num ber of students in grades 6 through 12 who were discharged, transferred, or graduated during the 2011-12 school year. This document summarizes and explains reported data for students whom graduated and/or transferred by code category for grades 9 - 12. This law requires the reporting of discharges and graduations that occur during one school year."
2023-11-13 04:44:52.099063-05:00,uk6z-hem9,2011-12 Discharge Reporting by Code - MS,dataset,2022-05-09 22:22:23+00:00,2019-04-11 18:33:32+00:00,New York City Department of Education,https://data.cityofnewyork.us/d/uk6z-hem9,Education,"Local Law 42, enacted in 2011, requires the New York City Department of Education (DOE) to report to the New York City Council by June 30, 2013 the num ber of students in grades 6 through 8 who were discharged, transferred, or graduated during the 2011-12 school year. This document summarizes and explains reported data for students whom graduated and/or transferred by code category for grades 6 - 8. This law requires the reporting of discharges and graduations that occur during one school year."
2023-11-13 04:44:52.099063-05:00,j4wk-mndk,2012-13 Discharge Reporting By Code - MS,dataset,2022-05-09 22:22:42+00:00,2019-04-12 19:23:04+00:00,New York City Department of Education,https://data.cityofnewyork.us/d/j4wk-mndk,Education,"Local Law 42, enacted in 2011, requires the New York City Department of Education (DOE) to report to the New York City Council by June 30, 2013 the num ber of students in grades 6 through 8 who were discharged, transferred, or graduated during the 2011-12 school year. This document summarizes and explains reported data for all students by transfer and discharges in grades 6 - 8. This law requires the reporting of discharges and graduations that occur during one school year."
2023-11-13 04:44:52.099063-05:00,njqj-g8fv,2012-13 Discharge Reporting by Code - HS,dataset,2022-05-09 22:22:41+00:00,2019-04-12 19:14:42+00:00,New York City Department of Education,https://data.cityofnewyork.us/d/njqj-g8fv,Education,"Local Law 42, enacted in 2011, requires the New York City Department of Education (DOE) to report to the New York City Council by June 30, 2013 the num ber of students in grades 9 through 12 who were discharged, transferred, or graduated during the 2012-13 school year. This document summarizes and explains reported data for all students in grades 9 - 12. This law requires the reporting of discharges, transfers and graduations that occur during one school year."
2023-12-08 19:14:05.143334-05:00,7rcw-iixi,Individual Landmark and Historic District Building Database (Map),map,2023-12-08 20:15:08+00:00,2023-12-08 20:14:22+00:00,NYC OpenData,https://data.cityofnewyork.us/d/7rcw-iixi,Housing & Development,Provides information on buildings and structures within designated historic districts and individual landmark sites.
2023-12-08 19:14:05.143334-05:00,xut8-7f42,Individual Landmark Sites (Map),map,2023-12-08 19:59:23+00:00,2023-12-08 19:57:44+00:00,NYC OpenData,https://data.cityofnewyork.us/d/xut8-7f42,Housing & Development,This dataset contains site boundaries for all designated individual landmarks as well as administrative information such as site boundary description and designation date.
2023-12-08 19:14:05.143334-05:00,ny8p-kkj4,Historic Districts (Map),map,2023-12-08 18:38:49+00:00,2023-12-08 18:14:35+00:00,NYC OpenData,https://data.cityofnewyork.us/d/ny8p-kkj4,Housing & Development,"Provides information regarding all historic districts that have calendared, heard, or designated by the Landmarks Preservation Commission, or for which an LP number has been issued, as well as many proposed districts in the study area phase."
2023-12-08 19:14:05.143334-05:00,rruq-hv9m,Scenic Landmarks (Map),map,2023-12-08 18:41:33+00:00,2023-12-08 18:40:32+00:00,NYC OpenData,https://data.cityofnewyork.us/d/rruq-hv9m,Housing & Development,"Provides boundary information regarding all scenic landmarks that have been calendared, heard, or designated by the Landmarks Preservation Commission, or for which an LP number has been issued."
2023-12-12 19:13:59.981339-05:00,ffaf-8mrv,DOT In-house Street Resurfacing Projects,dataset,2023-12-12 20:30:08+00:00,2023-10-24 14:55:33+00:00,NYC OpenData,https://data.cityofnewyork.us/d/ffaf-8mrv,Transportation,"List of all New York City Department of Transportation (NYC DOT) in-house street paving and milling projects for a street block or at an intersection. For information, please the DOT website: https://www.nyc.gov/html/dot/html/motorist/resurfintro.shtml"
2024-02-02 19:14:04.411096-05:00,jka3-5tx5,section_zoning_map_index,dataset,2024-02-02 18:45:29+00:00,2019-09-10 14:50:09+00:00,afinkel,https://data.cityofnewyork.us/d/jka3-5tx5,City Government,"Shapefile of zoning quartersection map index. Grid to determine which zoning quartersection map relates to specific areas of NYC. A sectional index grid to determine which Zoning Map refers to specific areas of New York City. Zoning maps show the boundaries of zoning districts throughout the city. The maps are regularly updated after the City Planning Commission and the City Council have approved proposed zoning changes. The set of 126 maps, which are part of the Zoning Resolution, are displayed in 35 sections. Each section is identified by a number from 1 to 35 and is further divided into one to four quarters, each identified by a letter a, b, c or d (map 8d or 33c for example). Each map covers an area of approximately 8,000 feet (north/south) by 12,500 feet (east/west). All previously released versions of this data are available at <a href=""https://www1.nyc.gov/site/planning/data-maps/open-data/bytes-archive.page?sorts[year]=0"">BYTES of the BIG APPLE- Archive</a>"
